{"name":"e804039a-2130-4aba-87a6-0c4b69ca7796","id":"/providers/Microsoft.Flow/flows/e804039a-2130-4aba-87a6-0c4b69ca7796","type":"Microsoft.Flow/flows","properties":{"apiId":"/providers/Microsoft.PowerApps/apis/shared_logicflows","displayName":"Copy of - Week 3 Final Lab","definition":{"metadata":{"workflowEntityId":null,"processAdvisorMetadata":null,"flowChargedByPaygo":null,"flowclientsuspensionreason":"None","flowclientsuspensiontime":null,"flowclientsuspensionreasondetails":null,"creator":{"id":"23e8dc28-d909-4861-bc84-e42a8c16467a","type":"User","tenantId":"e8ae86bd-cb97-44f9-843e-efc6bc02d759"},"provisioningMethod":"FromDefinition","failureAlertSubscription":true,"clientLastModifiedTime":"2025-03-12T21:11:59.2053585Z","connectionKeySavedTimeKey":"2025-03-12T21:11:59.2053585Z","creationSource":null,"modifiedSources":"Portal"},"$schema":"https://schema.management.azure.com/providers/Microsoft.Logic/schemas/2016-06-01/workflowdefinition.json#","contentVersion":"1.0.0.0","parameters":{"$authentication":{"defaultValue":{},"type":"SecureObject"},"$connections":{"defaultValue":{},"type":"Object"}},"triggers":{"When_a_new_email_arrives_(V3)":{"splitOn":"@triggerOutputs()?['body/value']","type":"OpenApiConnectionNotification","inputs":{"host":{"apiId":"/providers/Microsoft.PowerApps/apis/shared_office365","connectionName":"shared_office365","operationId":"OnNewEmailV3"},"authentication":"@parameters('$authentication')"}}},"actions":{"For_each":{"foreach":"@triggerOutputs()?['body/attachments']","actions":{"Get_Attachment_(V2)":{"type":"OpenApiConnection","inputs":{"parameters":{"messageId":"@triggerOutputs()?['body/id']","attachmentId":"@item()?['id']"},"host":{"apiId":"/providers/Microsoft.PowerApps/apis/shared_office365","connectionName":"shared_office365","operationId":"GetAttachment_V2"},"authentication":"@parameters('$authentication')"}},"Condition":{"actions":{"Create_text_with_GPT_using_a_prompt":{"runAfter":{"Recognize_text_in_an_image_or_a_PDF_document":["Succeeded"]},"metadata":{"flowSystemMetadata":{"portalOperationId":"aibuilderpredict_customprompt","portalOperationGroup":"aibuilder","portalOperationApiDisplayNameOverride":"AI Builder","portalOperationIconOverride":"https://content.powerapps.com/resource/makerx/static/pauto/images/designeroperations/aiBuilderNew.51dbdb6b.png","portalOperationBrandColorOverride":"#0A76C4","portalOperationApiTierOverride":"Standard"}},"type":"OpenApiConnection","inputs":{"parameters":{"recordId":"46a069df-dc99-49a4-9215-ace34871ac91","item/requestv2/text":"@outputs('Recognize_text_in_an_image_or_a_PDF_document')?['body/responsev2/predictionOutput/fullText']"},"host":{"apiId":"/providers/Microsoft.PowerApps/apis/shared_commondataserviceforapps","connectionName":"shared_commondataserviceforapps","operationId":"aibuilderpredict_customprompt"},"authentication":"@parameters('$authentication')"}},"Recognize_text_in_an_image_or_a_PDF_document":{"metadata":{"flowSystemMetadata":{"portalOperationId":"aibuilderpredict_textrecognition","portalOperationGroup":"aibuilder","portalOperationApiDisplayNameOverride":"AI Builder","portalOperationIconOverride":"https://content.powerapps.com/resource/makerx/static/pauto/images/designeroperations/aiBuilderNew.51dbdb6b.png","portalOperationBrandColorOverride":"#0A76C4","portalOperationApiTierOverride":"Standard"}},"type":"OpenApiConnection","inputs":{"parameters":{"item/requestv2/base64Encoded":"@outputs('Get_Attachment_(V2)')?['body/contentBytes']","recordId":"86419a67-205a-454f-b6fc-601394f2786d"},"host":{"apiId":"/providers/Microsoft.PowerApps/apis/shared_commondataserviceforapps","connectionName":"shared_commondataserviceforapps","operationId":"aibuilderpredict_textrecognition"},"authentication":"@parameters('$authentication')"}},"Condition_1":{"actions":{"Create_text_with_GPT_using_a_prompt_1":{"metadata":{"flowSystemMetadata":{"portalOperationId":"aibuilderpredict_customprompt","portalOperationGroup":"aibuilder","portalOperationApiDisplayNameOverride":"AI Builder","portalOperationIconOverride":"https://content.powerapps.com/resource/makerx/static/pauto/images/designeroperations/aiBuilderNew.51dbdb6b.png","portalOperationBrandColorOverride":"#0A76C4","portalOperationApiTierOverride":"Standard"}},"type":"OpenApiConnection","inputs":{"parameters":{"recordId":"79da67ca-b258-46e0-ba03-0241e9fd3082","item/requestv2/text":"@outputs('Recognize_text_in_an_image_or_a_PDF_document')?['body/responsev2/predictionOutput/fullText']"},"host":{"apiId":"/providers/Microsoft.PowerApps/apis/shared_commondataserviceforapps","connectionName":"shared_commondataserviceforapps","operationId":"aibuilderpredict_customprompt"},"authentication":"@parameters('$authentication')"}},"Condition_2":{"actions":{"Parse_JSON":{"type":"ParseJson","inputs":{"content":"@outputs('Create_text_with_GPT_using_a_prompt_1')?['body/responsev2/predictionOutput/text']","schema":{"type":"object","properties":{"Service Provider Name":{"type":"string","description":"The name of the service provider."},"Customer Name":{"type":"string","description":"The name of the customer."},"Termination Clauses":{"type":"string","description":"Conditions under which either party may terminate the agreement."},"Contract Term/Duration":{"type":"string","description":"The duration and terms of the contract."},"Payment Terms":{"type":"string","description":"Payment conditions, including charges and billing details."}},"required":["Service Provider Name","Customer Name","Termination Clauses","Contract Term/Duration","Payment Terms"]}}},"Send_an_email_(V2)_1":{"runAfter":{"Parse_JSON":["Succeeded"]},"type":"OpenApiConnection","inputs":{"parameters":{"emailMessage/To":"@triggerOutputs()?['body/from']","emailMessage/Subject":"Review Extracted Key Terms from Your Document  ","emailMessage/Body":"<p class=\"editor-paragraph\">We have successfully extracted key terms from your document. Please review them and let us know if any modifications are needed.<br><br>Service Provider Name : @{body('Parse_JSON')['Service Provider Name']}<br>Customer Service Name : @{body('Parse_JSON')['Customer Name']}<br>Termination Clause : @{body('Parse_JSON')['Termination Clauses']}<br>Contract Term Duration : @{body('Parse_JSON')['Contract Term/Duration']}<br>Payment Terms : @{body('Parse_JSON')['Payment Terms']}</p>","emailMessage/Importance":"Normal"},"host":{"apiId":"/providers/Microsoft.PowerApps/apis/shared_office365","connectionName":"shared_office365","operationId":"SendEmailV2"},"authentication":"@parameters('$authentication')"}}},"runAfter":{"Create_text_with_GPT_using_a_prompt_1":["Succeeded"]},"else":{"actions":{"Create_text_with_GPT_using_a_prompt_2":{"metadata":{"flowSystemMetadata":{"portalOperationId":"aibuilderpredict_customprompt","portalOperationGroup":"aibuilder","portalOperationApiDisplayNameOverride":"AI Builder","portalOperationIconOverride":"https://content.powerapps.com/resource/makerx/static/pauto/images/designeroperations/aiBuilderNew.51dbdb6b.png","portalOperationBrandColorOverride":"#0A76C4","portalOperationApiTierOverride":"Standard"}},"type":"OpenApiConnection","inputs":{"parameters":{"recordId":"1d580d56-197c-4e74-a001-c512d72cf3bf","item/requestv2/text":"@outputs('Recognize_text_in_an_image_or_a_PDF_document')?['body/responsev2/predictionOutput/fullText']"},"host":{"apiId":"/providers/Microsoft.PowerApps/apis/shared_commondataserviceforapps","connectionName":"shared_commondataserviceforapps","operationId":"aibuilderpredict_customprompt"},"authentication":"@parameters('$authentication')"}},"Do_until":{"actions":{},"runAfter":{"Create_text_with_GPT_using_a_prompt_2":["Succeeded"]},"expression":"@startsWith(outputs('Create_text_with_GPT_using_a_prompt_2')?['body/responsev2/predictionOutput/text'],'No')","limit":{"count":2,"timeout":"PT1H"},"type":"Until"},"Condition_3":{"actions":{"Parse_JSON_1":{"type":"ParseJson","inputs":{"content":"@outputs('Create_text_with_GPT_using_a_prompt_1')?['body/responsev2/predictionOutput/text']","schema":{"type":"object","properties":{"Service Provider Name":{"type":"string","description":"The name of the service provider."},"Customer Name":{"type":"string","description":"The name of the customer."},"Termination Clauses":{"type":"string","description":"Conditions under which either party may terminate the agreement."},"Contract Term/Duration":{"type":"string","description":"The duration and terms of the contract."},"Payment Terms":{"type":"string","description":"Payment conditions, including charges and billing details."}},"required":["Service Provider Name","Customer Name","Termination Clauses","Contract Term/Duration","Payment Terms"]}}},"Send_an_email_(V2)_1-copy":{"runAfter":{"Parse_JSON_1":["Succeeded"]},"type":"OpenApiConnection","inputs":{"parameters":{"emailMessage/To":"@triggerOutputs()?['body/from']","emailMessage/Subject":"Review Extracted Key Terms from Your Document  ","emailMessage/Body":"<p class=\"editor-paragraph\">We have successfully extracted key terms from your document. Please review them and let us know if any modifications are needed.<br><br>Service Provider Name : @{body('Parse_JSON_1')['Service Provider Name']}<br>Customer Service Name : @{body('Parse_JSON_1')['Customer Name']}<br>Termination Clause : @{body('Parse_JSON_1')['Termination Clauses']}<br>Contract Term Duration : @{body('Parse_JSON_1')['Contract Term/Duration']}<br>Payment Terms : @{body('Parse_JSON_1')['Payment Terms']}</p>","emailMessage/Importance":"Normal"},"host":{"apiId":"/providers/Microsoft.PowerApps/apis/shared_office365","connectionName":"shared_office365","operationId":"SendEmailV2"},"authentication":"@parameters('$authentication')"}}},"runAfter":{"Do_until":["Succeeded"]},"else":{"actions":{"Send_an_email_(V2)":{"type":"OpenApiConnection","inputs":{"parameters":{"emailMessage/To":"sachinparmar0246@gmail.com","emailMessage/Subject":"MSA Doc Review","emailMessage/Body":"<p class=\"editor-paragraph\">You have a document from @{triggerOutputs()?['body/from']} that needs your review.</p><br>","emailMessage/Attachments":[{"Name":"@outputs('Get_Attachment_(V2)')?['body/name']","ContentBytes":"@outputs('Get_Attachment_(V2)')?['body/contentBytes']"}],"emailMessage/Importance":"Normal"},"host":{"apiId":"/providers/Microsoft.PowerApps/apis/shared_office365","connectionName":"shared_office365","operationId":"SendEmailV2"},"authentication":"@parameters('$authentication')"}}}},"expression":{"and":[{"not":{"startsWith":["@outputs('Create_text_with_GPT_using_a_prompt_2')?['body/responsev2/predictionOutput/text']","NO"]}}]},"type":"If"}}},"expression":{"and":[{"not":{"startsWith":["@outputs('Create_text_with_GPT_using_a_prompt_1')?['body/responsev2/predictionOutput/text']","Not Found"]}}]},"type":"If"}},"runAfter":{"Create_text_with_GPT_using_a_prompt":["Succeeded"]},"else":{"actions":{"Send_an_email_(V2)_2":{"type":"OpenApiConnection","inputs":{"parameters":{"emailMessage/To":"@triggerOutputs()?['body/from']","emailMessage/Subject":"MSA Document Processing Update  ","emailMessage/Body":"<p class=\"editor-paragraph\">We wanted to inform you that, as of now, we are only proceeding with the **MSA document** for processing. If you have any other documents, please hold off on submitting them until further notice.  <br><br>Let us know if you have any questions or need further clarification.</p>","emailMessage/Importance":"Normal"},"host":{"apiId":"/providers/Microsoft.PowerApps/apis/shared_office365","connectionName":"shared_office365","operationId":"SendEmailV2"},"authentication":"@parameters('$authentication')"}}}},"expression":{"and":[{"contains":["@outputs('Create_text_with_GPT_using_a_prompt')?['body/responsev2/predictionOutput/text']","Yes"]}]},"type":"If"}},"runAfter":{"Get_Attachment_(V2)":["Succeeded"]},"else":{"actions":{}},"expression":{"and":[{"contains":["@outputs('Get_Attachment_(V2)')?['body/name']","pdf"]}]},"type":"If"}},"runAfter":{},"type":"Foreach"}},"outputs":{}},"connectionReferences":{"shared_office365":{"connectionName":"shared-office365-9ab0c089-4958-478b-aa3f-eaefe9733570","source":"Embedded","id":"/providers/Microsoft.PowerApps/apis/shared_office365","tier":"NotSpecified","apiName":"office365"},"shared_commondataserviceforapps":{"connectionName":"shared-commondataser-6099b896-10ef-4ac7-9add-f2109da3a665","source":"Embedded","id":"/providers/Microsoft.PowerApps/apis/shared_commondataserviceforapps","tier":"NotSpecified","apiName":"commondataserviceforapps"}},"flowFailureAlertSubscribed":false,"isManaged":false}}